"Name","Size","FullName"
"$RX97ERO.run","4454353277","D:\$RECYCLE.BIN\S-1-5-21-741873480-958676864-519521001-1001\$RX97ERO.run"
"$RAR8AW8.sh","85771392","D:\$RECYCLE.BIN\S-1-5-21-741873480-958676864-519521001-1001\$RAR8AW8.sh"
"$RELBSYV.exe","64726505","D:\$RECYCLE.BIN\S-1-5-21-741873480-958676864-519521001-1001\$RELBSYV.exe"
"$RBTJ3HX.zip","18887546","D:\$RECYCLE.BIN\S-1-5-21-741873480-958676864-519521001-1001\$RBTJ3HX.zip"
"$RQTYUDP.exe","7560544","D:\$RECYCLE.BIN\S-1-5-21-741873480-958676864-519521001-1001\$RQTYUDP.exe"
"$ROFJGVH","7560544","D:\$RECYCLE.BIN\S-1-5-21-741873480-958676864-519521001-1001\$ROFJGVH"
"$RVDMJQS","7462280","D:\$RECYCLE.BIN\S-1-5-21-741873480-958676864-519521001-1001\$RVDMJQS"
"$RN0X1AQ","4383864","D:\$RECYCLE.BIN\S-1-5-21-741873480-958676864-519521001-1001\$RN0X1AQ"
"$R8FSFZC.pdb","1413120","D:\$RECYCLE.BIN\S-1-5-21-741873480-958676864-519521001-1001\$R8FSFZC.pdb"
"$RRERWXX.json","248268","D:\$RECYCLE.BIN\S-1-5-21-741873480-958676864-519521001-1001\$RRERWXX.json"
"$RZZD9TW.lock","174138","D:\$RECYCLE.BIN\S-1-5-21-741873480-958676864-519521001-1001\$RZZD9TW.lock"
"$R195Q4A.lock","126181","D:\$RECYCLE.BIN\S-1-5-21-741873480-958676864-519521001-1001\$R195Q4A.lock"
"$RCG7OP3.ps1","97723","D:\$RECYCLE.BIN\S-1-5-21-741873480-958676864-519521001-1001\$RCG7OP3.ps1"
"$RUSG1XN.ps1","78915","D:\$RECYCLE.BIN\S-1-5-21-741873480-958676864-519521001-1001\$RUSG1XN.ps1"
"$RS0T37X.ps1","71307","D:\$RECYCLE.BIN\S-1-5-21-741873480-958676864-519521001-1001\$RS0T37X.ps1"
"$RD55J13.json","67592","D:\$RECYCLE.BIN\S-1-5-21-741873480-958676864-519521001-1001\$RD55J13.json"
"$RHWEDSR.rs","60716","D:\$RECYCLE.BIN\S-1-5-21-741873480-958676864-519521001-1001\$RHWEDSR.rs"
"$RGJOY7R.md","44111","D:\$RECYCLE.BIN\S-1-5-21-741873480-958676864-519521001-1001\$RGJOY7R.md"
"$RDZ721B.rs","34548","D:\$RECYCLE.BIN\S-1-5-21-741873480-958676864-519521001-1001\$RDZ721B.rs"
"$RZDL85R.json","34419","D:\$RECYCLE.BIN\S-1-5-21-741873480-958676864-519521001-1001\$RZDL85R.json"
"$RDG7365.py","27122","D:\$RECYCLE.BIN\S-1-5-21-741873480-958676864-519521001-1001\$RDG7365.py"
"$RVT4H6I.ps1","22361","D:\$RECYCLE.BIN\S-1-5-21-741873480-958676864-519521001-1001\$RVT4H6I.ps1"
"$RGURKQQ.ps1","20495","D:\$RECYCLE.BIN\S-1-5-21-741873480-958676864-519521001-1001\$RGURKQQ.ps1"
"$RRZ4DS0.ps1","20204","D:\$RECYCLE.BIN\S-1-5-21-741873480-958676864-519521001-1001\$RRZ4DS0.ps1"
"$ROEFXDQ.chpl","20092","D:\$RECYCLE.BIN\S-1-5-21-741873480-958676864-519521001-1001\$ROEFXDQ.chpl"
